source,author,title,description,publishedAt,content,processed_content,category
"{'id': None, 'name': 'Enter.co'}",Digna Irene Urrea,ENTREVISTA: Cómo el colombiano Camilo Baquero trajo innovación japonesa a Colombia con Mobi,"Con 22 años y a punto de terminar su carrera de administración de empresas en la Universidad de La Sabana, es el fundador y CEO de Mobi...",2024-07-05T00:30:35Z,Vivir en Japón durante seis meses fue suficiente para que David Camilo Baquero trajera al país ideas del primer mundo. Con 22 años y a punto de terminar su carrera de administración de empresas en la… [+5079 chars],vivir japón seis meses suficiente david camilo baquero trajera país ideas primer mundo 22 años punto terminar carrera administración empresas chars,Deportes
"{'id': None, 'name': 'Xataka.com.co'}",Wilson Vega,"Tim Furey, fundador de Tradeview: 'El espinazo de nuestra operación es Colombia'","Tradeview es una firma especializada en soluciones para operadores e inversores en el mercado Forex. Sobre una robusta infraestructura tecnológica, esta agencia de brokerage ofrece a sus clientes herramientas de punta para tranzar y administrar sus actividade…",2024-07-04T21:11:32Z,"Tradeview es una firma especializada en soluciones para operadores e inversores en el mercado Forex. Sobre una robusta infraestructura tecnológica, esta agencia de brokerage ofrece a sus clientes her… [+7718 chars]",tradeview firma especializada soluciones operadores inversores mercado forex robusta infraestructura tecnológica agencia brokerage ofrece clientes chars,Deportes
"{'id': None, 'name': 'Xataka.com.co'}",Wilson Vega,Redmi Tab Pro: Xiaomi lanzó en Colombia su tablet más completa,"Xiaomi presentó en Colombia la Redmi Pad Pro, la más reciente -y también,  concebiblemente, la más robusta- incorporación a su línea de tabletas.

Equipada con HyperOS, la Redmi Pad Pro es una apuesta de Xiaomi por alcanzar, en el campo de las tablets, la pre…",2024-07-04T21:08:40Z,"Xiaomi presentó en Colombia la Redmi Pad Pro, la más reciente -y también,  concebiblemente, la más robusta- incorporación a su línea de tabletas.
Equipada con HyperOS, la Redmi Pad Pro es una apuest… [+2157 chars]",xiaomi presentó colombia redmi pad pro reciente concebiblemente incorporación línea tabletas equipada hyperos redmi pad pro chars,Tecnología
"{'id': None, 'name': 'Nacion.com'}","Cristian Brenes, AFP",El VAR sí falla y hay pruebas contundentes en la Copa América,A la Conmebol no le quedó otra opción que reconocer el terrible error que cometieron los árbitros y el VAR en el partido entre Brasil y Colombia.,2024-07-04T18:47:05Z,"Si alguien creía que el VAR (video arbitraje) era infalible y que con todas las cámaras y las líneas milimétricas es imposible fallar en una decisión, la verdad es que no es así. Hay pruebas contunde… [+2693 chars]",si alguien creía var video arbitraje infalible todas cámaras líneas milimétricas imposible fallar decisión verdad así pruebas chars,Deportes
"{'id': None, 'name': 'Forbes.com.mx'}",Forbes Content,Voces emergentes: 14 líderes de Gobe the First que debes conocer,"Forbes México.
 Voces emergentes: 14 líderes de Gobe the First que debes conocer

Gobe the First, agencia especializada en el posicionamiento y la gestión de imagen pública, se encarga de identificar a las voces que tendrán una gran resonancia en el futuro ce…",2024-07-04T16:00:00Z,"Un líder o especialista que construye una marca personal se vuelve una figura de autoridad. Con esta premisa, Gobe the First, agencia especializada en el posicionamiento y la gestión de imagen públic… [+8936 chars]",líder especialista construye marca personal vuelve figura autoridad premisa gobe the first agencia especializada posicionamiento gestión imagen chars,Deportes
"{'id': None, 'name': 'Enter.co'}",Alejandra Betancourt,"Redmi Pad Pro, la nueva tablet gama media de Xiaomi con batería de 10.000 mAh ya está en Colombia",Xiaomi acaba de anunciar su nueva tablet con la que competirá esta vez en el sector gama media: la Redmi Pad Pro. Su batería es de 10.000 mAh con el que,2024-07-04T00:46:46Z,Xiaomi acaba de anunciar su nueva tablet con la que competirá esta vez en el sector gama media: la Redmi Pad Pro. Su batería es de 10.000 mAh con el que la compañía asegura que puede alcanzar hasta 1… [+2719 chars],xiaomi acaba anunciar nueva tablet competirá vez sector gama media redmi pad pro batería mah compañía asegura puede alcanzar chars,Tecnología
"{'id': 'la-nacion', 'name': 'La Nacion'}",,Polémica en la Copa América: la Conmebol vio un penal a Vinicius que Mauro Vigliano no dio en el VAR,La entidad hizo público que el árbitro argentino hizo una interpretación “incorrecta” de la jugada del delantero en el empate 1-1 entre Brasil y Colombia,2024-07-03T22:02:50Z,"Las quejas de Brasil, especialmente del director técnico Dorival, se hicieron oír poco después del empate 1-1 ante Colombia, que dejó a la verdeamarela en el segundo puesto de la Zona D y lo llevó a … [+3727 chars]",quejas brasil especialmente director técnico dorival hicieron oír después empate colombia dejó verdeamarela segundo puesto zona d llevó chars,Deportes
"{'id': None, 'name': 'Enter.co'}",Digna Irene Urrea,"Avanza TEC, el nuevo programa de MinTIC para emprendedores y profesionales TIC ¿Cómo participar?",El objetivo de 'Avanza TEC' es que adquieran competencias especializadas en campos de alta demanda en el sector.,2024-07-03T19:14:14Z,"El gobierno anunció el lanzamiento de 45 ofertas de formación, que busca beneficiar a 300.000 empresarios, emprendedores, estudiantes y profesionales de áreas TIC. El objetivo de ‘Avanza TEC’ es que … [+1820 chars]",gobierno anunció lanzamiento 45 ofertas formación busca beneficiar empresarios emprendedores estudiantes profesionales áreas tic objetivo avanza tec chars,Política
"{'id': None, 'name': 'Xataka.com.co'}",Wilson Vega,La venganza de un empleado despedido costó 2.800 millones de pesos... y todo por no cancelar sus credenciales,"En octubre de 2022, Kandula Nagaraju, un ingeniero de software indio de 39 años, fue despedido de NCS, una empresa en Singapur especializada en tecnología.
<!-- BREAK 1 -->
Su despido, atribuido a un ""desempeño laboral deficiente"", desencadenó una serie de ev…",2024-07-03T18:57:26Z,"En octubre de 2022, Kandula Nagaraju, un ingeniero de software indio de 39 años, fue despedido de NCS, una empresa en Singapur especializada en tecnología.
Su despido, atribuido a un ""desempeño labo… [+1742 chars]",octubre 2022 kandula nagaraju ingeniero software indio 39 años despedido ncs empresa singapur especializada tecnología despido atribuido desempeño chars,Tecnología
"{'id': None, 'name': 'Forbes.com.mx'}",Forbes Content,12 mujeres que inspiran desde su liderazgo: Gobe the First,"Forbes México.
 12 mujeres que inspiran desde su liderazgo: Gobe the First

Líderes que han construido su trayectoria a través de trabajo y disciplina, pero también de los sueños que han perseguido de manera incansable.
12 mujeres que inspiran desde su lidera…",2024-07-03T17:03:00Z,"En el marco de nuestra edición de Mujeres Poderosas 2024, Gobe the First, agencia especializada en posicionamiento y gestión de imagen pública, presenta su selección de mujeres que inspiran a otras m… [+5033 chars]",marco edición mujeres poderosas 2024 gobe the first agencia especializada posicionamiento gestión imagen pública presenta selección mujeres inspiran chars,Deportes
"{'id': None, 'name': 'Criptonoticias.com'}",Derliz Machado,Blockchain Summit Latam 2024: el futuro de las criptomonedas ya está aquí,"La edición del 2024 de Blockchain Summit Latam se enfoca en impulsar la industria de las criptomonedas, Web3 y blockchain. 
Leer más",2024-07-03T16:51:38Z,"Hechos clave:
<ul><li>La octava edición del evento se realizará en Bogotá, Colombia, del 14 al 16 de agosto de 2024.
</li><li>Se espera la asistencia de 2 mil personas y más de 150 oradores
</li><… [+2857 chars]",hechos clave ul li octava edición evento realizará bogotá colombia 14 16 agosto 2024 li espera asistencia 2 mil personas 150 oradores chars,Entretenimiento
"{'id': None, 'name': 'Elperiodico.com'}",Patricia Castán,Así es el nuevo mercado gastronómico del Maremagnum de Barcelona: la oferta y sus protagonistas,La selección de algunos de los mejores establecimientos gastronómicos de Barcelona en las diferentes especialidades --de cocinas con estrella Michelin a 'fast food' de calidad-- que integran el nuevo Time Out Market Barcelona levanta el telón este viernes 5 d…,2024-07-03T13:26:30Z,La selección de algunos de los mejores establecimientos gastronómicos de Barcelona en las diferentes especialidades --de cocinas con estrella Michelin a 'fast food' de calidad-- que integran el nuevo… [+8717 chars],selección mejores establecimientos gastronómicos barcelona diferentes especialidades cocinas estrella michelin food calidad integran chars,Deportes
"{'id': 'la-nacion', 'name': 'La Nacion'}",BBC Mundo,"Copa América 2024: lo bueno, lo malo y lo feo qué deja el fin de la fase de grupos","Desde selecciones que sorprendieron con su juego, hasta polémicos fallos arbitrales y duros fracasos futbolísticos, el torneo continental entra en la etapa definitoria de cuartos de final",2024-07-03T05:19:13Z,"La fase de grupos de la Copa América 2024 llegó a su fin con un agradable sabor a Vinotinto. Y es que la selección de Venezuela fue la mayor sorpresa en la eliminatoria inicial, en la que Argentina y… [+6875 chars]",fase grupos copa américa 2024 llegó fin agradable sabor vinotinto selección venezuela mayor sorpresa eliminatoria inicial argentina chars,Deportes
"{'id': None, 'name': 'BBC News'}",https://www.facebook.com/bbcnews,"Lo bueno, lo malo y lo feo que deja el fin de la fase de grupos de la Copa América 2024","La eliminatoria para los cuartos de final de la Copa América deja la gran sorpresa del paso perfecto de Venezuela, más el gran fútbol de Argentina, Uruguay y Colombia. Pero también fracasos notables.",2024-07-03T03:05:22Z,"Fuente de la imagen, Getty/EPA/Reuters
Article information<ul><li>Author, Redacción</li><li>Role, BBC News Mundo</li><li></li></ul>
La fase de grupos de la Copa América 2024 llegó a su fin con un a… [+8908 chars]",fuente imagen article information ul li author redacción li role bbc news mundo li fase grupos copa américa 2024 llegó fin chars,Deportes
"{'id': 'la-nacion', 'name': 'La Nacion'}",El Tiempo (Colombia),El listado de iPhones que no podrán actualizar a iOS 18,Apple reveló detalles de su nueva actualización e informó en qué celulares no estará disponible,2024-07-03T00:10:06Z,"En la conferencia anual de desarrolladores WWDC 2024,Apple presentó varias novedades de su próximo sistema operativo, iOS 18, la siguiente actualización para los iPhone que pretende cambiar la experi… [+1457 chars]",conferencia anual desarrolladores wwdc 2024 apple presentó varias novedades próximo sistema operativo ios 18 siguiente actualización iphone pretende cambiar chars,Tecnología
"{'id': None, 'name': 'Www.abc.es'}",(abc),Irene Pardo: «Me gusta que la gente sienta que Almagro es su festival y que venga a disfrutarlo»,"A pocas horas de que levante el telón la 47ª edición del Festival Internacional de Teatro Clásico de Almagro, su directora, Irene Pardo, nos habla del programa de este año, que arranca este viernes con la entrega del Corral de Comedias a uno de los grandes de…",2024-07-02T21:09:14Z,"A pocas horas de que levante el telón la 47ª edición del Festival Internacional de Teatro Clásico de Almagro, su directora, Irene Pardo, nos habla del programa de este año, que arranca este viernes c… [+9695 chars]",pocas horas levante telón 47ª edición festival internacional teatro clásico almagro directora irene pardo habla programa año arranca viernes chars,Entretenimiento
"{'id': None, 'name': 'Xataka.com.co'}",Jessica Vargas A.,Kia EV5: Kia lanza en Colombia un carro eléctrico fabricado con materiales reciclados,"El Kia EV5 es la más reciente innovación en movilidad sostenible de Kia. Este vehículo eléctrico es una muestra de la apuesta de la marca por diseños que combinan tecnología y diseño, a la vez que se mantienen amigables con el medioambiente.
<!-- BREAK 1 -->
…",2024-07-02T20:25:35Z,"El Kia EV5 es la más reciente innovación en movilidad sostenible de Kia. Este vehículo eléctrico es una muestra de la apuesta de la marca por diseños que combinan tecnología y diseño, a la vez que se… [+2450 chars]",kia ev5 reciente innovación movilidad sostenible kia vehículo eléctrico muestra apuesta marca diseños combinan tecnología diseño vez chars,Tecnología
"{'id': None, 'name': 'Xataka.com.co'}",Wilson Vega,"Opel Grandland 2024: seguridad, comodidad y mucha tecnología a bordo",La Opel Grandland 2024 se hace notar desde el comienzo. Basta un vistazo para apreciar en su diseño los ecos del ya icónico estilo ‘Vizor’ y puntadas de modernidad que van de la combinación de colores de carrocería y techo a la pantalla totalmente digital de …,2024-07-02T16:17:55Z,La Opel Grandland 2024 se hace notar desde el comienzo. Basta un vistazo para apreciar en su diseño los ecos del ya icónico estilo Vizor y puntadas de modernidad que van de la combinación de colores … [+3717 chars],opel grandland 2024 hace notar comienzo basta vistazo apreciar diseño ecos icónico estilo vizor puntadas modernidad van combinación colores chars,Deportes
"{'id': None, 'name': 'Www.df.cl'}",Marco Zecchetto,Startup Videsk cierra alianza con Nissan Perú y debuta con su tecnología de atención remota a clientes en el mercado automotor,"La firma chilena acaba de integrar inteligencia artificial a su plataforma, lo que permitirá a la automotora gestionar la atención telemática, realizar transcripciones automáticas de las videollamadas y hacer análisis de seguimiento de los usuarios.",2024-07-02T14:09:00Z,"Videsk, startup chilena enfocada en tecnología para la atención remota de clientes, cerró un acuerdo comercial con Nissan Perú, tras adjudicarse una licitación, para utilizar su solución que integra … [+2164 chars]",videsk startup chilena enfocada tecnología atención remota clientes cerró acuerdo comercial nissan perú tras adjudicarse licitación utilizar solución integra chars,Tecnología
"{'id': None, 'name': 'Www.df.cl'}",Marco Zecchetto,Startup Videsk cierra alianza con Nissan Perú y debuta con su tecnología de atención remota a clientes en el mercado automotor,"La firma chilena acaba de integrar inteligencia artificial a su plataforma, lo que permitirá a la automotora gestionar la atención telemática, realizar transcripciones automáticas de las videollamadas y hacer análisis de seguimiento de los usuarios.",2024-07-02T14:09:00Z,"Videsk, startup chilena enfocada en tecnología para la atención remota de clientes, cerró un acuerdo comercial con Nissan Perú, tras adjudicarse una licitación, para utilizar su solución que integra … [+2164 chars]",videsk startup chilena enfocada tecnología atención remota clientes cerró acuerdo comercial nissan perú tras adjudicarse licitación utilizar solución integra chars,Tecnología
"{'id': None, 'name': 'La Vanguardia'}",Pablo Hernando Illán,Puedes beber vino gracias a la extinción de los dinosaurios,"¿Qué tienen en común la extinción de los dinosaurios y el vino? No es el comienzo de un chiste malo, sino el de una fuerte hipótesis que plantea que la aniquilación de estas criaturas ""cerró"" los bosques, permitiendo la expansión de plantas trepadoras y enred…",2024-07-02T12:49:31Z,"El vino es una de las bebidas más populares en España
¿Qué tienen en común la extinción de los dinosaurios y el vino? No es el comienzo de un chiste malo, sino el de una fuerte hipótesis que plantea… [+2480 chars]",vino bebidas populares españa común extinción dinosaurios vino comienzo chiste malo sino fuerte hipótesis chars,Deportes
"{'id': None, 'name': 'Www.abc.es'}",(abc),Los Institutos Tecnológicos atraen 156 millones de euros a la Comunidad Valenciana,"La Red de Institutos Tecnológicos de la Comunitat Valenciana (REDIT) ha celebrado su Asamblea General en la que ha presentado los resultados de 2023. Durante ese ejercicio, los centros han trabajado con más de 14.100 empresas y han desarrollado 1.312 proyecto…",2024-07-02T09:58:44Z,"La Red de Institutos Tecnológicos de la Comunitat Valenciana (REDIT) ha celebrado su Asamblea General en la que ha presentado los resultados de 2023. Durante ese ejercicio, los centros han trabajado … [+7446 chars]",red institutos tecnológicos comunitat valenciana redit celebrado asamblea general presentado resultados ejercicio centros trabajado chars,Deportes
"{'id': None, 'name': 'Archdaily.cl'}",Maria-Cristina Florian,El Premio Mies Crown Hall Americas anuncia los proyectos emergentes y destacados del MCHAP 2024,"El Premio Mies Crown Hall Americas (MCHAP) en el Colegio de Arquitectura del Instituto de Tecnología de Illinois ha anunciado la lista corta de 53 proyectos destacados. El quinto ciclo de premios celebra obras construidas completadas en América del Norte, Cen…",2024-07-02T06:00:00Z,"Centro de Investigación Mar de Cortés - Tatiana Bilbao ESTUDIO. Imagen © Juan Manuel McGrath, Iwan Baan, Rodrigo Chapa
El Premio Mies Crown Hall Americas (MCHAP) en el Colegio de Arquitectura del In… [+8613 chars]",centro investigación mar cortés tatiana bilbao estudio imagen juan manuel mcgrath iwan baan rodrigo chapa premio mies crown hall americas mchap colegio arquitectura chars,Tecnología
"{'id': 'la-nacion', 'name': 'La Nacion'}",,"Uruguay, con puntaje ideal, y un histórico Panamá eliminaron a Estados Unidos de la Copa América","La Celeste, sin Bielsa en el campo, derrotó por 1 a 0 a los locales, que se despidieron del certamen; la victoria 3 a 1 de Panamá sobre Bolivia clasificó a los canaleros por primera vez a los cuartos de final",2024-07-02T04:06:11Z,"Tres partidos jugados, tres partidos ganados. Puntaje ideal, clasificación para los cuartos de final y a esperar el rival, que será un gigante como Brasil o una de las mejores selecciones que enseñó … [+6185 chars]",tres partidos jugados tres partidos ganados puntaje ideal clasificación cuartos final esperar rival gigante brasil mejores selecciones enseñó chars,Entretenimiento
"{'id': None, 'name': 'BeInCrypto'}",Eduardo Venegas,"Aproximadamente 3,1 millones de mexicanos poseen criptomonedas, según reporte","Sherlock Communications reveló que 2,5% de la población mexicana posee criptomonedas. Además, México ya ocupa el sitio 16 en adopción de criptomonedas en el mundo.
El post Aproximadamente 3,1 millones de mexicanos poseen criptomonedas, según reporte fue visto…",2024-07-01T21:51:17Z,"El último reporte de Sherlock Communications mostró que la adopción de criptomonedas continúa al alza en México, ya que hay más de 3,1 millones de holders, equivalente a 2,5% de la población. La cons… [+3580 chars]",último reporte sherlock communications mostró adopción criptomonedas continúa alza méxico millones holders equivalente población chars,Economía
"{'id': None, 'name': 'Enter.co'}",Digna Irene Urrea,Epson lanza línea de proyectores portátiles en Colombia ¿Proyector o televisor?,"La marca japonesa, Epson, reconocida por sus impresoras, lanzó una nueva línea de productos: se trata de la familia de proyectores...",2024-07-01T20:30:11Z,"La marca japonesa reconocida por sus impresoras, lanzó una nueva línea de productos: se trata de la familia de proyectores Epson EpiqVision portátiles, la cual se compone de tres modelos: el Ultracor… [+3408 chars]",marca japonesa reconocida impresoras lanzó nueva línea productos trata familia proyectores epson epiqvision portátiles compone tres modelos chars,Tecnología
"{'id': None, 'name': 'Xataka.com.co'}",Wilson Vega,Reseña Asus Zenbook Duo 2024: la felicidad es una doble pantalla y no lo sabíamos,"La Asus Zenbook Duo es una computadora portátil de 14 pulgadas con no una, sino dos pantallas.

 
 
 
 
 


Así, desprovista de contexto, esa descripción hace sonar la propuesta como un gimmick, un truco de mercadeo.

Luego de probar una de estas máquinas po…",2024-07-01T17:14:00Z,"La Asus Zenbook Duo es una computadora portátil de 14 pulgadas con no una, sino dos pantallas.
Así, desprovista de contexto, esa descripción hace sonar la propuesta como un gimmick,un truco de merca… [+4971 chars]",asus zenbook duo computadora portátil 14 pulgadas sino dos pantallas así desprovista contexto descripción hace sonar propuesta gimmick truco chars,Deportes
"{'id': 'la-nacion', 'name': 'La Nacion'}",,La función del celular que tenés que desactivar para evitar que te roben tus datos bancarios,"Las nuevas modalidades de robo de los hackers son cada vez más sofisticadas, pero con un sencillo truco podés proteger tus datos personales y bancarios",2024-07-01T12:28:39Z,"Los celulares se convirtieron en una herramienta indispensable, ya que los podés utilizar para comunicarte con sus seres queridos, jefes o compañeros de trabajo, sin contar las aplicaciones que puede… [+1995 chars]",celulares convirtieron herramienta indispensable podés utilizar comunicarte seres queridos jefes compañeros trabajo contar aplicaciones chars,Deportes
"{'id': 'la-nacion', 'name': 'La Nacion'}",Eugenia Iglesias,Estos son los autos chinos más baratos que van por todo en el mundo,"Mientras aumenta la tensión comercial con los fabricantes europeos, los del gigante asiático ganan notoriedad, en especial con la oferta de eléctricos; cuáles son los más vendidos y por qué",2024-07-01T10:35:29Z,Las marcas automotrices chinas avanzan en su plan de expansión internacional y tienen a Europa y su industria en alerta por el arribo de un nuevo portafolio de modelos que atraen a los consumidores p… [+8613 chars],marcas automotrices chinas avanzan plan expansión internacional europa industria alerta arribo nuevo portafolio modelos atraen consumidores chars,Tecnología
"{'id': None, 'name': 'Hipertextual'}",Hipertextual (Redacción),Star+ ahora es Disney+ en Latinoamérica: así puedes ahorrar para verlo todo (incluyendo el deporte),"Se acabó tener el contenido (y las suscripciones) separadas: ahora el genial contenido de Star+ se integra dentro de la oferta de Disney+ en Latinoamérica, lo que supone tener todo en un mismo lugar, al un precio unificado y, directamente, un ahorro directo p…",2024-07-01T07:10:46Z,"Se acabó tener el contenido (y las suscripciones) separadas: ahora el genial contenido de Star+ se integra dentro de la oferta de Disney+ en Latinoamérica, lo que supone tener todo en un mismo lugar,… [+3646 chars]",acabó tener contenido suscripciones separadas ahora genial contenido integra dentro oferta latinoamérica supone tener mismo lugar chars,Deportes
"{'id': None, 'name': 'Elperiodico.com'}",Redacción,Conoce cuál es la única institución educativa en la que puedes estudiar FP en cinco idiomas,"Estudiar un grado de FP o universitario desde cualquier lugar. UNIVERSAE se ha erigido como la única institución educativa que ofrece sus titulaciones de Formación Profesional y universidad en cinco idiomas, consolidándose así como referente global en educaci…",2024-07-01T04:30:00Z,Estudiar un grado de FP o universitario desde cualquier lugar. UNIVERSAE se ha erigido como la única institución educativa que ofrece sus titulaciones de Formación Profesional y universidad en cinco … [+5724 chars],estudiar grado fp universitario cualquier lugar universae erigido única institución educativa ofrece titulaciones formación profesional universidad cinco chars,Deportes
"{'id': None, 'name': 'Elespectador.com'}",Mar Candela,"El profe Jordi, la escuela y la neuro divergencia","Hoy comparto con ustedes una reflexión profunda sobre la educación en nuestro país. Durante meses, he seguido de cerca el trabajo del profesor Jordi, un agente transformador que ha dedicado su esfuerzo a la educación integral y de calidad. Su labor no solo se…",2024-06-30T20:02:31Z,Hoy comparto con ustedes una reflexión profunda sobre la educación en nuestro país. Este pregrabado es muy especial ya que hace varias semanas deseaba publicar pero la vida y sus cosas urgentes atras… [+5750 chars],hoy comparto ustedes reflexión profunda educación país pregrabado especial hace varias semanas deseaba publicar vida cosas urgentes chars,Deportes
"{'id': None, 'name': 'Hipertextual'}",Aglaia Berlutti,5 contenidos para adultos que no esperabas encontrar en Disney+,"Por cien años, Disney ha sido el lugar predilecto de los niños. No solo en la pantalla chica y pequeña. También en sus parques temáticos, eventos locales e incluso, la forma en que la franquicia se extendió en todo el mundo. Lo cierto es que la compañía se ha…",2024-06-30T16:00:00Z,"Por cien años, Disney ha sido el lugar predilecto de los niños. No solo en la pantalla chica y pequeña. También en sus parques temáticos, eventos locales e incluso, la forma en que la franquicia se e… [+6566 chars]",cien años disney sido lugar predilecto niños solo pantalla chica pequeña parques temáticos eventos locales incluso forma franquicia chars,Deportes
"{'id': None, 'name': 'BeInCrypto'}",Eduardo Venegas,"Resumen Latinoamérica: BlackRock lanza ETF de BTC en Chile, Bolivia revoca prohibición cripto y más","El completo Resumen Cripto de Latam de BeInCrypto destaca las noticias y tendencias más importantes de América Latina. El resumen de esta semana incluye historias sobre el lanzamiento de IBIT de BlackRock en Chile, la asociación de Nubank con Lightspark, la r…",2024-06-30T15:01:00Z,"El completo resumen cripto de Latam de BeInCrypto trae las noticias y tendencias más importantes de América Latina. Con reporteros en Brasil, México, Argentina y más, cubrimos las últimas actualizaci… [+12671 chars]",completo resumen cripto latam beincrypto trae noticias tendencias importantes américa latina reporteros brasil méxico argentina cubrimos últimas chars,Deportes
"{'id': None, 'name': 'Criptonoticias.com'}",Jesús Herrera,Nubank y otros bancos de Latinoamérica que han integrado servicios con bitcoin,"Desde Brasil, pasando por Colombia y Panamá, instituciones financieras tradicionales ofrecen servicios para criptomonedas.
Leer más",2024-06-30T04:06:00Z,"Hechos clave:
<ul><li>Mejorar la experiencia de los usuarios es una de las razones de los bancos.
</li><li>Hay bancos más avanzados que otros en sus servicios para criptomonedas.
</li></ul>
La in… [+10521 chars]",hechos clave ul li mejorar experiencia usuarios razones bancos li bancos avanzados servicios criptomonedas chars,Deportes
"{'id': 'la-nacion', 'name': 'La Nacion'}",Juan Carlos de Pablo,¿No sería lindo que hubiera de todo para todos?,¿No sería lindo que hubiera de todo para todos?,2024-06-30T03:04:00Z,"En un programa de televisión en el cual entrevistaron a familias muy pobres, le preguntaron a un chico qué era lo que más deseaba. No retuve el texto, pero la idea quedó grabada en mi mente. Palabra … [+6497 chars]",programa televisión entrevistaron familias pobres preguntaron chico deseaba retuve texto idea quedó grabada mente palabra chars,Entretenimiento
"{'id': None, 'name': 'Elespanol.com'}",Rafa Martí,"Los hermanos Comas, de abogados a 'reyes' del cannabis legal en España por querer curar el dolor crónico de un familiar","Álvaro y Luis dejaron todo para investigar el potencial médico del cannabis. Después de tres años han obtenido la licencia de la AEMPS para cultivar un producto de ""alta calidad"" con el que esperan facturar un millón en 2026.",2024-06-30T00:29:19Z,"Poco antes de la pandemia, un tío de Álvaro y Luis Comas (Barcelona, 1992 y 1994) tuvo un accidente en la montaña que le dejó una lesión medular con un dolor crónico. Ninguna intervención médica logr… [+12251 chars]",pandemia tío álvaro luis comas barcelona 1992 1994 accidente montaña dejó lesión medular dolor crónico ninguna intervención médica chars,Deportes
"{'id': None, 'name': 'Xataka.com.co'}",Wilson Vega,‘Inteligencia artificial: la revolución que cambiará todo’: la era de la IA desde los ojos de un veterano del periodismo tecnológico,"En el siempre cambiante paisaje del periodismo especializado en tecnología, Álvaro Montes lo ha hecho todo.

Este comunicador social y periodista, especializado en información de tecnología, economía y cultura digital, innovación y social media, fue durante 2…",2024-06-29T15:24:43Z,"En el siempre cambiante paisaje del periodismo especializado en tecnología, Álvaro Montes lo ha hecho todo.
Este comunicador social y periodista, especializado en información de tecnología, economía… [+2584 chars]",siempre cambiante paisaje periodismo especializado tecnología álvaro montes hecho comunicador social periodista especializado información tecnología chars,Tecnología
"{'id': None, 'name': 'Forbes.com.mx'}",Roberto Arteaga,"Latinoamérica, la tierra prometida del proptech","Forbes México.
 Latinoamérica, la tierra prometida del proptech

La región tiene el potencial de convertirse en laboratorio de startups proptech, para atender las diversas problemáticas y tendencias del sector de bienes raíces e inmobiliario. En el caso de Mé…",2024-06-29T15:12:00Z,"En 2013, Ruben Frattini comenzó a escuchar sobre temas relacionados a un nuevo segmento de negocios internacional: proptech. Al principio, las personas asociaban este termino con un medicamento o una… [+11394 chars]",2013 ruben frattini comenzó escuchar temas relacionados nuevo segmento negocios internacional proptech principio personas asociaban termino medicamento chars,Política
"{'id': None, 'name': 'Www.df.cl'}",María Jesús Doberti,"Suiza y Brasil, los referentes de la Bolsa de Santiago para avanzar en activos digitales","El holding nuam exchange – integrado por las bolsas de Chile, Colombia y Perú–,  se encuentra dando sus primeros pasos en esta tecnología con un blockchain propio llamado AUNA y el acceso al mercado cripto, pero aspira más alto y está mirando avances extranje…",2024-06-29T08:00:00Z,"A estas alturas, ninguna bolsa o institución financiera puede ser indiferente al potencial que desbloquea blockchain para el desarrollo de servicios tecnológicos, aseguró el gerente senior de ideació… [+5065 chars]",alturas ninguna bolsa institución financiera puede ser indiferente potencial desbloquea blockchain desarrollo servicios tecnológicos aseguró gerente senior chars,Economía
"{'id': None, 'name': 'Elperiodico.com'}",Jordi Bianciotto,Juanes: Quiero tener la capacidad de decir que no estoy desesperado por buscar el hit’ del verano,¿Vida cotidiana’ es su álbum más confesional y más serio? Seguir leyendo....,2024-06-29T05:00:05Z,"¿Vida cotidiana es su álbum más confesional y más serio? 
Va hacia un lado más oscuro de mi alma, por así decirlo, lo cual no significa que sea triste. Es un disco que habla de situaciones personale… [+5118 chars]",cotidiana álbum confesional serio va hacia lado oscuro alma así decirlo significa triste disco habla situaciones chars,Deportes
"{'id': None, 'name': 'Unah.edu.hn'}",,UNAH presenta avance del proyecto Marketing y TIC para Mipymes de LATAM”,UNAH presenta avance del proyecto Marketing y TIC para Mipymes de LATAM”unah.edu.hn,2024-06-29T04:03:45Z,"Periodista: Ricardo Andino
Las carreras de Mercadotecnia e Informática Administrativa, de la Universidad Nacional Autónoma de Honduras (UNAH), han presentado el avance del proyecto Marketing y TIC: … [+1508 chars]",periodista ricardo andino carreras mercadotecnia informática administrativa universidad nacional autónoma honduras unah presentado avance proyecto marketing tic chars,Tecnología
"{'id': None, 'name': 'Enter.co'}",Alejandra Betancourt,¿Cómo mantener tu hogar seguro durante tus vacaciones con ayuda de la tecnología?,"Muchos de los viajeros deben dejar sola su casa durante sus vacaciones, lo que genera preocupaciones por temas de seguridad.",2024-06-28T23:00:30Z,"De acuerdo con los pronósticos de Migración Colombia y el Ministerio de Relaciones Exteriores, en este 2024 viajarían aproximadamente 3 millones de colombianos entre junio y julio. Muchos de los viaj… [+2646 chars]",acuerdo pronósticos migración colombia ministerio relaciones exteriores 2024 viajarían aproximadamente 3 millones colombianos junio julio chars,Deportes
"{'id': None, 'name': 'Enter.co'}",Digna Irene Urrea,"Coco Tecnologías, la healthtech colombiana que busca salvar vidas con IA","Coco Tecnologías, es una healthtech fundada y dirigida por Robert Parada, que desarrolla diversas soluciones tecnológicas para...",2024-06-28T22:00:33Z,"Coco Tecnologías, es una healthtech fundada y dirigida por Robert Parada, que desarrolla diversas soluciones tecnológicas para entidades de salud. Una de sus herramientas más eficaces es el Bot asist… [+2865 chars]",coco tecnologías healthtech fundada dirigida robert parada desarrolla diversas soluciones tecnológicas entidades salud herramientas eficaces bot chars,Tecnología
"{'id': None, 'name': 'Forbes.com.mx'}",Forbes Staff,El mercado de autopartes aftermarket acelera en México,"Forbes México.
 El mercado de autopartes aftermarket acelera en México

El mercado de autopartes tiene un valor de 30,000 millones de dólares, que incluye piezas nacionales e importadas
El mercado de autopartes aftermarket acelera en México
Forbes Staff",2024-06-28T21:09:04Z,La industria de autopartes tiene amplias oportunidades de crecer en México. Y es que la demanda de repuestos y accesorios para los automóviles del segmento aftermarket puede ser aprovechada a través … [+2432 chars],industria autopartes amplias oportunidades crecer méxico demanda repuestos accesorios automóviles segmento aftermarket puede ser aprovechada través chars,Deportes
"{'id': None, 'name': 'Xataka.com.co'}",Wilson Vega,MWC Shanghai 2024: Honor redobla sus apuestas por la inteligencia artificial on-device,"La inteligencia artificial (IA) ocupó un lugar central en el MWC Shanghai, la edición regional de la feria comercial de comunicaciones móviles más grande del mundo, que concluyó este viernes en China. Tanto operadores de redes como proveedores de equipos pare…",2024-06-28T16:48:03Z,"La inteligencia artificial (IA) ocupó un lugar central en el MWC Shanghai, la edición regional de la feria comercial de comunicaciones móviles más grande del mundo, que concluyó este viernes en China… [+2625 chars]",inteligencia artificial ia ocupó lugar central mwc shanghai edición regional feria comercial comunicaciones móviles grande mundo concluyó viernes chars,Tecnología
"{'id': None, 'name': 'BeInCrypto'}",Luis Blanco,"Resumen semanal de BeInCrypto: Bolivia legaliza Bitcoin, boom de Hamster Kombat, VanEck solicita ETF de Solana…","Bienvenidos a otro resumen semanal de noticias de BeInCrypto, les traemos el top 10 noticias más relevantes de la semana del 22 al 28 de junio de 2024. Actualice instantáneamente las últimas noticias de Bitcoin, criptomonedas, blockchain, FinTech, mercados bu…",2024-06-28T12:12:00Z,"Bienvenidos a otro resumen semanal de noticias de BeInCrypto, les traemos el top 10 noticias más relevantes de la semana del 22 al 28 de junio de 2024. Actualice instantáneamente las últimas noticias… [+4554 chars]",bienvenidos resumen semanal noticias beincrypto traemos top 10 noticias relevantes semana 22 28 junio actualice instantáneamente últimas chars,Deportes
"{'id': None, 'name': 'Www.df.cl'}",Paula Vargas,Estudios de abogados internacionales despliegan sus desarrollos de IA en operaciones locales,,2024-06-28T08:00:00Z,"Más eficiencia, menores costos y, sobre todo, más tiempo para dedicar a los casos que llevan, son parte de los beneficios que ven en la inteligencia artificial (IA) los grandes estudios jurídicos mul… [+6317 chars]",eficiencia menores costos tiempo dedicar casos llevan parte beneficios ven inteligencia artificial ia grandes estudios jurídicos chars,Tecnología
"{'id': None, 'name': 'Elconfidencial.com'}",Alejandro Requeijo,La detenida por el caso Vidal-Quadras alega que fue utilizada por su ex y que solo mandó 250€,"Chahinez Kadid, de 27 años y arrestada en abril en Países Bajos, comparece en un tribunal de su país donde alega que desconocía los planes de matar al político",2024-06-28T03:00:00Z,"La mujer detenida hace semanas en Países Bajos por su presunta participación en el intento de asesinato de Alejo Vidal-Quadras compareció este miércoles ante un tribunal de su país. Chahinez Kadid, d… [+5603 chars]",mujer detenida hace semanas países bajos presunta participación intento asesinato alejo compareció miércoles tribunal país chahinez kadid chars,Deportes
"{'id': None, 'name': 'Xataka.com.co'}",Jessica Vargas A.,L200 Tritón de Mitsubishi: esta pick-up tiene una gran capacidad de remolque... lo comprobamos,"La sexta generación de la pick-up L200 Tritón de Mitsubishi Motors ya está disponible en Colombia.

Este lanzamiento oficial presenta un diseño totalmente renovado, bajo el concepto de 'Beast Mode', o 'Modo Bestia'. La nueva versión integra robustez, potencia…",2024-06-28T00:06:27Z,"La sexta generación de la pick-up L200 Tritón de Mitsubishi Motors ya está disponible en Colombia.
Este lanzamiento oficial presenta un diseño totalmente renovado, bajo el concepto de 'Beast Mode', … [+3983 chars]",sexta generación l200 tritón mitsubishi motors disponible colombia lanzamiento oficial presenta diseño totalmente renovado bajo concepto mode chars,Economía
"{'id': None, 'name': 'Hipertextual'}",Luis Miranda,Se filtran los nuevos Samsung Galaxy Watch Ultra y Galaxy Buds 3 a días de su anuncio oficial,"A unos días de su presentación oficial, una filtración dejó al descubierto los nuevos Galaxy Watch Ultra, Galaxy Buds 3 Pro y otros productos que se anunciarán en el Samsung Unpacked. Las imágenes coinciden con los rumores anteriores y no dejan nada a la imag…",2024-06-27T22:40:39Z,"A unos días de su presentación oficial, una filtración dejó al descubierto los nuevos Galaxy Watch Ultra, Galaxy Buds 3 Pro y otros productos que se anunciarán en el Samsung Unpacked. Las imágenes co… [+2919 chars]",días presentación oficial filtración dejó descubierto nuevos galaxy watch ultra galaxy buds 3 pro productos anunciarán samsung unpacked imágenes chars,Tecnología
"{'id': None, 'name': 'Enter.co'}",Digna Irene Urrea,Gobierno lanza programa ‘CiberPaz’ ¿En qué consiste?,"El ministro TIC, Mauricio Lizcano, anunció el lanzamiento del programa  ‘CiberPaz’, que llegará a todo el país, en búsqueda de...",2024-06-27T22:34:49Z,"El ministro TIC, Mauricio Lizcano, anunció el lanzamiento del programa  ‘CiberPaz’, que llegará a todo el país, en búsqueda de la promoción del uso consciente, empático, incluyente y responsable de l… [+1736 chars]",ministro tic mauricio lizcano anunció lanzamiento programa ciberpaz llegará país búsqueda promoción uso consciente empático incluyente responsable chars,Tecnología
"{'id': 'la-nacion', 'name': 'La Nacion'}",José Luis Brea,Pagar de todo con el celular: los principales bancos privados se preparan para lanzar el sistema “tap to phone”,"Una app permite convertir el teléfono móvil en una terminal de cobro sin contacto a menor costo que las POS; apuntan a comercios chicos y pequeños vendedores y proveedores de servicios; Galicia, Santander y Macro, a punto de entrar en un negocio en el que deb…",2024-06-27T22:25:15Z,El vendedor ambulante en la playa que acepta pagos con tarjetas de crédito y débito podría dejar de ser una rareza en el país o una postal casi exclusiva de los balnearios brasileños o uruguayos. Al … [+3735 chars],vendedor ambulante playa acepta pagos tarjetas crédito débito podría dejar ser rareza país postal casi exclusiva balnearios brasileños uruguayos chars,Deportes
"{'id': None, 'name': 'Clarín'}",Redacción Clarín,"Por qué México, Chile y el resto de América dicen que el VAR y los árbitros favorecen a la Selección Argentina",Hablan de favoritismo hacia el equipo de Lionel Messi.Cuáles son las jugadas que reclaman los trasandinos.Es una crítica que nació en el Mundial de Qatar.,2024-06-27T18:53:55Z,"La Selección Argentina, liderada por Lionel Messi, atraviesa y goza uno de los mejores ciclos de su extensa y ya gloriosa historia. La Copa América 2021 en Brasil, la Finalissima en Wembley, el Mundi… [+7735 chars]",selección argentina liderada lionel messi atraviesa goza mejores ciclos extensa gloriosa historia copa américa 2021 brasil finalissima wembley chars,Deportes
"{'id': None, 'name': 'Www.df.cl'}",Sofía Fuentes,BlackRock lanza el primer ETF de bitcoin en la Bolsa de Santiago,"El “iShares Bitcoin Trust” (IBIT) se ha consolidado como el mayor ETF de bitcoin del mundo, con más de US$ 20 mil millones en activos desde que inició su cotización en enero de 2024",2024-06-27T18:34:00Z,"Desde este jueves, en el mercado cotiza el ETF que replica el comportamiento del bitcoin de BlacRock denominado iShares Bitcoin Trust (IBIT).
El ETF comenzó a cotizar en la Bolsa de Santiago y forma… [+1854 chars]",jueves mercado cotiza etf replica comportamiento bitcoin blacrock denominado ishares bitcoin trust ibit etf comenzó cotizar bolsa santiago chars,Economía
"{'id': None, 'name': 'Forbes.com.mx'}",Mónica Valladolid,México puede cobrar menos impuestos con tecnología de nube: Amazon Web Services,"Forbes México.
 México puede cobrar menos impuestos con tecnología de nube: Amazon Web Services

Los costos operativos de los servicios gubernamentales se pueden reducir hasta 30% con el uso de esta tecnología, dice el líder de AWS Latam, Andrés José Tahtá.
M…",2024-06-27T16:20:00Z,"Washington D.C.- México tiene la posibilidad de reducir los impuestos que cobra a la población y elevar la seguridad usando la tecnología de nube, aseguró Andrés José Tahtá, director general de Servi… [+2302 chars]",washington méxico posibilidad reducir impuestos cobra población elevar seguridad usando tecnología nube aseguró andrés josé tahtá director general chars,Política
"{'id': None, 'name': 'Enter.co'}",Digna Irene Urrea,Monitores Samsung con inteligencia artificial y resoluciones 4K en Colombia,"Descubre los nuevos monitores Samsung con IA en Colombia: Odyssey OLED, Smart Monitor y ViewFinity. Conoce sus características...",2024-06-27T14:37:14Z,"La compañía surcoreana lanzó  su nueva línea de monitores con funciones de inteligencia artificial. Las pantallas profesionales están conformadas por los ViewFinity, serie gaming Odyssey OLED y la ga… [+4323 chars]",compañía surcoreana lanzó nueva línea monitores funciones inteligencia artificial pantallas profesionales conformadas viewfinity serie gaming odyssey oled chars,Tecnología
"{'id': None, 'name': 'Xataka.com.co'}",Jessica Vargas A.,"Samsung presenta monitores para el gamer, para el creador de contenido y para los aficionados de la IA","Samsung presentó en el país los monitores profesionales ViewFinity, la serie gaming Odyssey OLED y la gama inteligente Smart Monitor.

Estas son sus principales características.

 
 
 
 
 
 
 

 
 
 En Xataka Colombia
 

 Samsung lleva funciones de IA a sus…",2024-06-27T14:08:20Z,"Samsung presentó en el país los monitores profesionales ViewFinity, la serie gaming Odyssey OLED y la gama inteligente Smart Monitor.
Estas son sus principales características.
Odyssey OLED
Los mo… [+2436 chars]",samsung presentó país monitores profesionales viewfinity serie gaming odyssey oled gama inteligente smart monitor principales características odyssey oled chars,Entretenimiento
"{'id': None, 'name': 'Hipertextual'}",Azucena Martín,Dos jóvenes científicas inventan un dispositivo que detecta el cáncer de mama incluso en la selva,"La supervivencia del cáncer de mama ha mejorado exponencialmente en los últimos 20 años gracias a los avances tanto en tratamientos como en técnicas de diagnóstico. Estas cifras se aplican a países desarrollados. Por desgracia, en países con menos recursos a …",2024-06-27T13:52:00Z,La supervivencia del cáncer de mama ha mejorado exponencialmente en los últimos 20 años gracias a los avances tanto en tratamientos como en técnicas de diagnóstico. Estas cifras se aplican a países d… [+3881 chars],supervivencia cáncer mama mejorado exponencialmente últimos 20 años gracias avances tratamientos técnicas diagnóstico cifras aplican países chars,Tecnología
"{'id': None, 'name': 'Semana.com'}",Redacción Finanzas Personales,Aliste su hoja de vida: abren vacantes en Medellín y en Bogotá en áreas de diseño y marketing,Aliste su hoja de vida: abren vacantes en Medellín y en Bogotá en áreas de diseño y marketingsemana.com,2024-06-27T13:43:37Z,"En el dinámico mercado laboral colombiano, diversas oportunidades profesionales están surgiendo en áreas tan variadas como el diseño gráfico, la gestión de comunidades en redes sociales, la administr… [+6453 chars]",dinámico mercado laboral colombiano diversas oportunidades profesionales surgiendo áreas tan variadas diseño gráfico gestión comunidades redes sociales chars,Tecnología
"{'id': None, 'name': 'Puromarketing.com'}",Redacción,LLYC Expande su Horizonte con la Compra de la Consultora especializada en el análisis y visualización de datos Zeus,"PuroMarketing - LLYC ha anunciado la adquisición de Zeus, una consultora estratégica especializada en el análisis y visualización de datos. Con esta operación, LLYC no solo amplía su capacidad de gestión de datos, sino que también marca su entrada en Valencia…",2024-06-27T07:25:00Z,"LLYC ha anunciado la adquisición de Zeus, una consultora estratégica especializada en el análisis y visualización de datos. Con esta operación, LLYC no
 solo amplía su capacidad de gestión de datos,… [+2142 chars]",llyc anunciado adquisición zeus consultora estratégica especializada análisis visualización datos operación llyc solo amplía capacidad gestión datos chars,Deportes
"{'id': None, 'name': 'Europapress.es'}",,LLYC vuelve a salir de compras con la adquisición de la consultora de análisis de datos Zeus,"LLYC ha adquirido la consultora estratégica especializada en ingesta, análisis y visualización de datos Zeus, según ha informado en una nota de prensa la firma, que con esta operación desembarca además en Valencia.",2024-06-27T06:59:46Z,"MADRID, 27 Jun. (EUROPA PRESS) - 
 LLYC ha adquirido la consultora estratégica especializada en ingesta, análisis y visualización de datos Zeus, según ha informado en una nota de prensa la firma, qu… [+2453 chars]",madrid 27 jun europa press llyc adquirido consultora estratégica especializada ingesta análisis visualización datos zeus según informado nota prensa firma chars,Deportes
"{'id': None, 'name': 'Puromarketing.com'}",Redacción,"MMA Impact Argentina 2024: Conexión, coraje, emoción y empatía, las claves para surfear el futuro del marketing","PuroMarketing - Con más de 800 asistentes, MMA llevó adelante su evento más importante del año, donde 22 oradores abordaron los temas más relevantes de la industria del marketing como IA, Retail Media, Customer Experience (CX), Esports y Creator Economy.MMA, …",2024-06-27T06:54:00Z,"Con más de 800 asistentes, MMA llevó adelante su evento más importante del año, donde 22 oradores abordaron los temas más relevantes de la
 industria del marketing como IA, Retail Media, Customer Ex… [+9497 chars]",800 asistentes mma llevó adelante evento importante año 22 oradores abordaron temas relevantes industria marketing ia retail media customer chars,Deportes
"{'id': None, 'name': 'Bolsamania.com'}",redaccion@bolsamania.com (Bolsamanía),LLYC adquiere la consultora Zeus para impulsar el área de análisis de datos,"LLYC ha adquirido Zeus, consultora estratégica especializada en ingesta, análisis y visualización de datos. La compañía ha dicho en un comunicado que, con esta operación, ""da un paso más para expandir su capacidad de data management y fortalece su oferta inte…",2024-06-27T06:46:06Z,"LLYC ha adquirido Zeus, consultora estratégica especializada en ingesta, análisis y visualización de datos. La compañía ha dicho en un comunicado que, con esta operación, ""da un paso más para expandi… [+1922 chars]",llyc adquirido zeus consultora estratégica especializada ingesta análisis visualización datos compañía dicho comunicado operación da paso chars,Deportes
"{'id': None, 'name': 'El Financiero'}",Redacción,Éxito arrollador de Grupo Anderson’s en los premios #LatamDigital 2024,"Grupo Anderson's, líder restaurantero en México, ganó siete nominaciones que tenía en los prestigiosos premios #LatamDigital 2024. Estos galardones reconocen las mejores iniciativas y proyectos digitales en América Latina.",2024-06-27T00:29:12Z,"Grupo Andersons, líder restaurantero en México, ha reafirmado su liderazgo e innovación en el ámbito digital al ganar las siete nominaciones que tenía en los prestigiosos premios #LatamDigital 2024. … [+2942 chars]",grupo andersons líder restaurantero méxico reafirmado liderazgo innovación ámbito digital ganar siete nominaciones prestigiosos premios latamdigital 2024 chars,Entretenimiento
"{'id': None, 'name': 'Enter.co'}",Digna Irene Urrea,¿Cuál es la hoja de ruta para que las empresas implementen IA en Colombia? Esto dice IBM,"En el marco del evento ‘Tech Fest’ de IBM, celebrado en Bogotá, el cual reunió a más de 600 personas para conocer los avances de la IA...",2024-06-27T00:00:28Z,"En el marco del evento ‘Tech Fest’ de IBM, celebrado en Bogotá, el cual reunió a más de 600 personas para conocer los avances de la Inteligencia Artificial, ciberseguridad, nube híbrida y otras tecno… [+2687 chars]",marco evento tech fest ibm celebrado bogotá reunió 600 personas conocer avances inteligencia artificial ciberseguridad nube híbrida chars,Tecnología
"{'id': None, 'name': 'Enter.co'}",Alejandra Betancourt,"Motorola razr 50 y razr 50 ultra, los nuevos celulares que integran Gemini y mucha IA llegan a Colombia","... celular RAZR V3, Motorola sigue manteniendo su esencia y los límites de la tecnología móvil con su nueva generación moto razr 50.",2024-06-26T23:43:00Z,"Veinte años después del revolucionario celular RAZR V3, Motorola sigue manteniendo su esencia y los límites de la tecnología móvil con cada nueva generación del razr. Los nuevos motorola razr 50 ultr… [+5152 chars]",veinte años después revolucionario celular razr v3 motorola sigue manteniendo esencia límites tecnología móvil cada nueva generación razr nuevos motorola razr 50 chars,Tecnología
"{'id': None, 'name': 'Xataka.com.co'}",Jessica Vargas A.,"Gemini, la IA de Google, ya está disponible en todas las herramientas de Google Workspace","Google anunció que Gemini, su herramienta de inteligencia artificial, ya está disponible en los diferentes productos de Google Workspace. Esta integración tiene como objetivo mejorar la eficiencia y facilitar el trabajo en equipo mediante la automatización de…",2024-06-26T22:04:19Z,"Google anunció que Gemini, su herramienta de inteligencia artificial, ya está disponible en los diferentes productos de Google Workspace. Esta integración tiene como objetivo mejorar la eficiencia y … [+2794 chars]",google anunció gemini herramienta inteligencia artificial disponible diferentes productos google workspace integración objetivo mejorar eficiencia chars,Tecnología
"{'id': None, 'name': 'Aristeguinoticias.com'}",Redacción AN / SH,Chile busca aprovechar las oportunidades comerciales en México tras modernizar el TLC,"Tras 25 años de la entrada en vigor del TLC entre ambos países, el intercambio comercial alcanzó los 3.435 millones de dólares en 2023 y ha registrado un crecimiento promedio anual del 3,9 %, de acuerdo al Ministerio chileno de Relaciones Exteriores.",2024-06-26T18:14:57Z,"Aprovechar las oportunidades comerciales que proporciona México e impulsar la exportación chilena y el desarrollo de pequeñas y medianas empresas es el objetivo del Encuentro Latam México 2024, organ… [+3702 chars]",aprovechar oportunidades comerciales proporciona méxico impulsar exportación chilena desarrollo pequeñas medianas empresas objetivo encuentro latam méxico 2024 chars,Tecnología
"{'id': 'el-mundo', 'name': 'El Mundo'}",Fede Durán,Las marionetas digitales de 3D Animum y el milagro de una empleabilidad del 93%,"Alrededor de 1.200 alumnos pasan cada año por las aulas virtuales de 3D Animum, edtech malagueña especializada en formar a profesionales en tres esferas de la industria del ocio:...",2024-06-26T16:54:31Z,"Alrededor de 1.200 alumnos pasan cada año por las aulas virtuales de 3D Animum, edtech malagueña especializada en formar a profesionales en tres esferas de la industria del ocio: el cine de animación… [+3387 chars]",alrededor alumnos pasan cada año aulas virtuales 3d animum edtech malagueña especializada formar profesionales tres esferas industria ocio cine chars,Entretenimiento
"{'id': None, 'name': 'Enter.co'}",Alejandra Betancourt,"Vivo Y38, el nuevo celular que llega a Colombia: no tendrás que buscar toma corrientes en cada salida","vivo acaba de lanzar al mercado el nuevo vivo Y38, un celular que promete horas de carga para que el dispositivo se mantenga durante todo el día.",2024-06-26T16:40:43Z,"Uno de los principales problemas a los que se enfrentan los usuarios con sus teléfonos móviles es la poca capacidad de batería con la que cuentan, tal es el caso de teléfonos iPhone, los cuales tiend… [+1885 chars]",principales problemas enfrentan usuarios teléfonos móviles poca capacidad batería cuentan tal caso teléfonos iphone cuales chars,Tecnología
"{'id': None, 'name': 'El Financiero'}",Bloomberg Juan Pablo Spinetto,El efectivo ya no reina en América Latina,"Gracias a la revolución digital, el uso del dinero en efectivo está disminuyendo en América Latina, escribe Juan Pablo Spinetto.",2024-06-26T16:34:13Z,"Muchos de los grandes problemas de América Latina, desde la delincuencia hasta la desigualdad, parecen estar tan arraigados que no se pueden resolver. Pero hay un área en la que se pueden encontrar b… [+5723 chars]",grandes problemas américa latina delincuencia desigualdad parecen tan arraigados pueden resolver área pueden encontrar chars,Deportes
"{'id': None, 'name': 'Enter.co'}",Digna Irene Urrea,"Nueva plataforma ‘Yo mido la calidad’ revela desempeño del internet móvil de Claro, Movistar, Tigo y Wom",Yo mido la calidad es una herramienta que permite la visualización interactiva sobre el desempeño de las redes de acceso de los operadores...,2024-06-26T13:30:49Z,"La Comisión de Regulación de Comunicaciones (CRC) lanzó una nueva plataforma que te permitirá conocer y comparar indicadores de calidad de servicios de internet de Claro, Movistar, Tigo y Wom. ‘Yo mi… [+2239 chars]",comisión regulación comunicaciones crc lanzó nueva plataforma permitirá conocer comparar indicadores calidad servicios internet claro movistar tigo wom chars,Tecnología
"{'id': None, 'name': 'Www.df.cl'}",Renato Olmos,ProChile y Corfo firman alianza para apoyar internacionalización de startups,"También anunciaron el sexto llamado del programa GoGlobal, que permitirá a startups y scaleups nacionales acceder a los mercados de Colombia, Perú, México, EE.UU. (Miami) y España.",2024-06-26T12:58:00Z,"Un nuevo paso dieron Corfo y ProChile para apoyar la internacionalización de startups e innovación local. Este martes, ambas instituciones firmaron un convenio de colaboración en el que complementará… [+3331 chars]",nuevo paso dieron corfo prochile apoyar internacionalización startups innovación local martes ambas instituciones firmaron convenio colaboración chars,Tecnología
"{'id': None, 'name': 'Eleconomista.es'}",Noelia García,Se necesitarán 700 millones de empleos para absorber la fuerza laboral mundial en 2030,"Se estima que serán necesarios alrededor de 700 millones de empleos para absorber la creciente fuerza laboral mundial para el año 2030. Las micro, pequeñas y medianas empresas (mipymes) serán esenciales para alcanzar este objetivo. A pesar de los retos que en…",2024-06-26T12:47:01Z,"Se estima que serán necesarios alrededor de 700 millones de empleos para absorber la creciente fuerza laboral mundial para el año 2030. Las micro, pequeñas y medianas empresas (mipymes) serán esencia… [+7972 chars]",estima necesarios alrededor 700 millones empleos absorber creciente fuerza laboral mundial año micro pequeñas medianas empresas mipymes chars,Tecnología
"{'id': None, 'name': 'Xataka.com.co'}",Jessica Vargas A.,Moto G04: el Motorola de los Moto G más asequible del mercado,"El Motorola Moto G04 es uno de los smartphones más asequibles de la gama Moto G, que mantiene características destacadas como su pantalla de alta resolución y su batería de larga duración.
<!-- BREAK 1 -->
Aquí te contamos más sobre el Moto G04.

El Motorola …",2024-06-26T12:43:22Z,"El Motorola Moto G04 es uno de los smartphones más asequibles de la gama Moto G, que mantiene características destacadas como su pantalla de alta resolución y su batería de larga duración.
Aquí te c… [+1613 chars]",motorola moto g04 smartphones asequibles gama moto g mantiene características destacadas pantalla alta resolución batería larga duración aquí chars,Deportes
"{'id': None, 'name': 'Hibridosyelectricos.com'}",Rubén Leal,Esta compañía petrolera se acaba de interesar por el líder en intercambio de baterías de scooters eléctricos,"Hace años que Gogoro lidera el sector de los scooters eléctricos en cuanto a su sistema de intercambio de baterías se refiere. Una tecnología que permite cambiar los paquetes con baja carga por otros completos en apenas unos minutos, con todas las ventajas qu…",2024-06-26T09:34:50Z,Hace años que Gogoro lidera el sector de los scooters eléctricos en cuanto a su sistema de intercambio de baterías se refiere. Una tecnología que permite cambiar los paquetes con baja carga por otros… [+2729 chars],hace años gogoro lidera sector scooters eléctricos cuanto sistema intercambio baterías refiere tecnología permite cambiar paquetes baja carga chars,Tecnología
"{'id': None, 'name': 'Eleconomista.es'}",Noelia García,"""La IA revoluciona el Growth Hacking: una sola persona ahora puede lograr el impacto de un equipo""","Madrid ha reunido a los grandes referentes mundiales en el ámbito de las startups. Canva, Cabify, Vodafone y Vicio están hablando de las estrategias que les han permitido desarrollarse y convertirse en los líderes que son hoy. La Product Hackers Conference se…",2024-06-26T08:41:13Z,"Madrid ha reunido a los grandes referentes mundiales en el ámbito de las startups. Canva, Cabify, Vodafone y Vicio están hablando de las estrategias que les han permitido desarrollarse y convertirse … [+11403 chars]",madrid reunido grandes referentes mundiales ámbito startups canva cabify vodafone vicio hablando estrategias permitido desarrollarse convertirse chars,Deportes
"{'id': None, 'name': 'El Financiero'}",De jefes .,Refrigerantes que reducen consumo de energía,"Fluor and Energy Materials lanzó al mercado el Klea 473A, un refrigerante de alto desempeño.",2024-06-26T07:55:00Z,"Hoy se celebra el Día Mundial de los Refrigerantes que funcionan en una amplia gama de aplicaciones, que van desde sistemas de refrigeración y aire acondicionado hasta procesos industriales. El reto … [+4229 chars]",hoy celebra día mundial refrigerantes funcionan amplia gama aplicaciones van sistemas refrigeración aire acondicionado procesos industriales reto chars,Deportes
"{'id': None, 'name': 'Forbes.com.mx'}",Silvia Rodríguez,Impacto de la IA en empleos serán menor en países como México: FMI,"Forbes México.
 Impacto de la IA en empleos serán menor en países como México: FMI

La mayoría de las economías emergentes tiene una proporción menor de empleos altamente calificados, por lo que probablemente se verán menos afectadas, indica el organismo. 
Im…",2024-06-26T00:13:00Z,"El Fondo Monetario Internacional (FMI) advirtió que si bien la inteligencia artificial (IA) puede aumentar la productividad, impulsar el crecimiento económico y elevar los ingresos, también podría el… [+2358 chars]",fondo monetario internacional fmi advirtió si bien inteligencia artificial ia puede aumentar productividad impulsar crecimiento económico elevar ingresos podría chars,Tecnología
"{'id': None, 'name': 'BeInCrypto'}",Eduardo Venegas,El municipio Usiacurí de Colombia adopta Bitcoin para transacciones comerciales,"El municipio de Usiacurí en Colombia ahora admite criptomonedas como USDT, Bitcoin y Tron para pagos turísticos dirigidos a turistas, sin que tengan que hacer el cambio de divisa.
El post El municipio Usiacurí de Colombia adopta Bitcoin para transacciones com…",2024-06-25T21:17:41Z,"El municipio de Usiacurí en Colombia, con más de 10,000 habitantes, anunció que ahora permite el uso de criptomonedas como Bitcoin, USDT y Tron para pagar servicios turísticos en la localidad. Usiacu… [+3058 chars]",municipio usiacurí colombia habitantes anunció ahora permite uso criptomonedas bitcoin usdt tron pagar servicios turísticos localidad chars,Deportes
"{'id': None, 'name': 'Elmercurio.com.ec'}",Carmen Merchan,"LLYC lanza Free the voices, el primer banco de voces sintéticas diversas para combatir los sesgos contra el colectivo LGBTIQ+","Ante la persistencia de comportamientos discriminatorios y actos de micro-agresión diarios en contra de la comunidad LGBTIQ+ impulsados, entre muchos, por los sesgos que aún desencadenan las voces diversas; LLYC ha anunciado el lanzamiento de Free the Voices,…",2024-06-25T20:44:01Z,"Ante la persistencia de comportamientos discriminatorios y actos de micro-agresión diarios en contra de la comunidad LGBTIQ+ impulsados, entre muchos, por los sesgos que aún desencadenan las voces di… [+4468 chars]",persistencia comportamientos discriminatorios actos diarios comunidad impulsados sesgos aún desencadenan voces chars,Deportes
"{'id': None, 'name': 'The Seattle Times'}",Nina Shapiro,"Migrantes, huyendo del sufrimiento, arriesgan sus vidas para llegar a Seattle",La variedad demografía de los solicitantes de asilo que arribaron a una iglesia de Tukwila puede parecer sorprendente. Entrevistas revelan por qué huyeron de sus países de origen y cómo llegaron aquí.,2024-06-25T18:58:18Z,"Leer en inglés | Read in English
Martin estaba limpiando la sala de operaciones después de realizar una cesárea cuando los rebeldes entraron en su centro de salud rural en la República Democrática d… [+19957 chars]",leer inglés read in english martin limpiando sala operaciones después realizar cesárea rebeldes entraron centro salud rural república democrática chars,Deportes
"{'id': None, 'name': 'Xataka.com.co'}",Jessica Vargas A.,Bugatti Tourbillon: el nuevo superdeportivo híbrido de Bugatti,"Bugatti ha revolucionado el mundo de los superdeportivos con el lanzamiento del Bugatti Tourbillon 2024. Este modelo híbrido enchufable representa un hito en la evolución de la marca, combinando la potencia extrema y el lujo característico de Bugatti con la t…",2024-06-25T18:38:41Z,"Bugatti ha revolucionado el mundo de los superdeportivos con el lanzamiento del Bugatti Tourbillon 2024. Este modelo híbrido enchufable representa un hito en la evolución de la marca, combinando la p… [+2833 chars]",bugatti revolucionado mundo superdeportivos lanzamiento bugatti tourbillon modelo híbrido enchufable representa hito evolución marca combinando chars,Deportes
"{'id': 'rt', 'name': 'RT'}","RT en Español
 , RT en Español","Petro niega supuestas escuchas a magistrados y pide no caer en ""ingenuidades"" de ""grupos nazis""",La Fiscalía colombiana investiga la denuncia del vicepresidente de la Corte Constitucional sobre presuntas interceptaciones de sus comunicaciones.,2024-06-25T17:08:21Z,"El presidente de Colombia, Gustavo Petro, se pronunció sobre la polémica de las supuestas escuchas a magistrados por parte del Gobierno y sostuvo que su Administración ""no intercepta comunicaciones"".… [+2977 chars]",presidente colombia gustavo petro pronunció polémica supuestas escuchas magistrados parte gobierno sostuvo administración intercepta comunicaciones chars,Política
"{'id': None, 'name': 'Criptonoticias.com'}",Jesús Herrera,"Nubank integra Lightning de Bitcoin para sus usuarios de Colombia, México y Brasil","El gigante bancario suramericano anunció la asociación con la empresa Lightspark para dar soporte a la red de micropagos de Bitcoin.
Leer más",2024-06-25T17:08:15Z,"Hechos clave:
<ul><li>La solución con Lightning llegará a los 100 millones de clientes del NuBank.
</li><li>El banco ya permite depositar, retirar, comprar y vender bitcoin y criptomonedas. 
</li>… [+3157 chars]",hechos clave ul li solución lightning llegará 100 millones clientes nubank li banco permite depositar retirar comprar vender bitcoin criptomonedas chars,Deportes
"{'id': 'la-nacion', 'name': 'La Nacion'}",Tania Hernández Torres,Hallan nueva evidencia que confirmaría la presencia extraterrestre en Roswell: ¿qué encontraron?,"Un fragmento de un raro metal podría demostrar que los extraterrestres estrellaron su nave en forma de plato volador en el desierto de Nuevo México, en 1947",2024-06-25T15:09:21Z,"El desierto de Chihuahua, ubicado en México y Estados Unidos, es considerado como el más grande de Norteamérica y el segundo con mayor diversidad a nivel mundial.
Este lugar es conocido por su ampli… [+2847 chars]",desierto chihuahua ubicado méxico unidos considerado grande norteamérica segundo mayor diversidad nivel mundial lugar conocido chars,Deportes
"{'id': None, 'name': 'Marketingdirecto.com'}",Redacción,"Nace ILUNION TextilCare, una nueva identidad para la gestión integral y sostenible del textil","Con 44 plantas industriales y más de 6.300 profesionales, ILUNION TextilCare sigue expandiendo su presencia en España, Portugal y Colombia. Su objetivo es rediseñar el sector de la gestión textil y ofrecer a sus socios estratégicos las mejores decisiones para…",2024-06-25T14:47:16Z,"Con 44 plantas industriales y más de 6.300 profesionales, ILUNION TextilCare sigue expandiendo su presencia en España, Portugal y Colombia. Su objetivo es rediseñar el sector de la gestión textil y o… [+2483 chars]",44 plantas industriales profesionales ilunion textilcare sigue expandiendo presencia españa portugal colombia objetivo rediseñar sector gestión textil chars,Deportes
"{'id': None, 'name': 'Www.df.cl'}",Renato Olmos,Kunzapp aterriza en Ecuador con Kushki y lanza solución para optimizar gasto en la nube,"La startup desarrolló una plataforma para gestionar todos los software contratados por una empresas y hacer más eficiente su uso y gasto. El segundo semestre, la firma explorará ingresar al mundo transaccional.",2024-06-25T14:33:00Z,"A un nuevo mercado acaba de llegar la startup chilena Kunzapp, que desarrolló una plataforma tecnológica para gestionar los software contratados por empresas, con el arribo a Ecuador con Kushki empre… [+2412 chars]",nuevo mercado acaba llegar startup chilena kunzapp desarrolló plataforma tecnológica gestionar software contratados empresas arribo ecuador kushki chars,Tecnología
"{'id': None, 'name': 'Puromarketing.com'}",Redacción,SAMY Alliance adquiere la agencia de Social Media & Performance MDS y formalizan la creación del SAMY Innovation Global Hub,"PuroMarketing - SAMY Alliance, agencia global de marketing con ADN social-first especializada en servicios integrales de comunicación, marketing digital y social media, marca un nuevo hito en su décimo aniversario con la adquisición del portfolio de Social Me…",2024-06-25T10:00:00Z,"SAMY Alliance, agencia global de marketing con ADN social-first especializada en servicios integrales de comunicación, marketing digital y social
 media, marca un nuevo hito en su décimo aniversario… [+3422 chars]",samy alliance agencia global marketing adn especializada servicios integrales comunicación marketing digital social media marca nuevo hito décimo chars,Tecnología
"{'id': 'la-nacion', 'name': 'La Nacion'}",Alberto Cantore,"Copa América: la resistencia de Costa Rica bloqueó a Brasil, una selección con escasa magia","Los Ticos, dirigidos por el argentino Gustavo Alfaro, igualaron 0 a 0 con el Scratch por el Grupo D",2024-06-25T04:07:37Z,"La historia la terminó por escribir Costa Rica. Los Ticos resistieron y neutralizaron a Brasil, y festejaron el empate 0 a 0 en el debut de las dos selecciones en el Grupo D de la Copa América. Un re… [+5342 chars]",historia terminó escribir costa rica ticos resistieron neutralizaron brasil festejaron empate 0 0 debut dos selecciones grupo d copa américa chars,Deportes
"{'id': None, 'name': 'Xataka.com.co'}",Jessica Vargas A.,Claro lanza Internet 5G para el hogar en Colombia,"Claro Colombia anunció el lanzamiento de su oferta de Internet 5G para el hogar, siendo el primer operador en el país en brindar este servicio. La nueva solución está disponible inicialmente en El Poblado y Envigado, en Medellín.
<!-- BREAK 1 -->
Este servici…",2024-06-24T23:14:43Z,"Claro Colombia anunció el lanzamiento de su oferta de Internet 5G para el hogar, siendo el primer operador en el país en brindar este servicio. La nueva solución está disponible inicialmente en El Po… [+1792 chars]",claro colombia anunció lanzamiento oferta internet 5g hogar siendo primer operador país brindar servicio nueva solución disponible inicialmente chars,Tecnología
"{'id': None, 'name': 'Enter.co'}",Alejandra Betancourt,Startup colombiana logró reducir tiempos de aprobación en créditos hipotecarios de días a minutos,"... de créditos. Ahora Koggi, una startup 100% colombiana, parecer haber encontrado una solución para los créditos hipotecarios en el país.",2024-06-24T21:00:45Z,"Según datos de la Cámara Colombiana de la Construcción (Camacol), el sector inmobiliario en Colombia ha presentado una caída del 44,9% en la venta de viviendas VIS y no VIS. Este efecto dominó ha imp… [+2584 chars]",según datos cámara colombiana construcción camacol sector inmobiliario colombia presentado caída venta viviendas vis vis efecto dominó chars,Economía
"{'id': None, 'name': 'El Financiero'}",Redacción,Entre Líneas 06/24/2024,El acontecer político y financiero de Nuevo León está aquí.,2024-06-24T14:49:11Z,"En plena ebullición del Nearshoring, y antes del paso de la tormenta Alberto, la semana pasada en un viaje relámpago a la ciudad fronteriza de Roma, Texas en ENTRE LÍNEAS tuvimos la oportunidad de co… [+8286 chars]",plena ebullición nearshoring paso tormenta alberto semana pasada viaje relámpago ciudad fronteriza roma texas líneas oportunidad chars,Deportes
"{'id': None, 'name': 'Www.df.cl'}",Martín Baeza,La ruta de McDonald’s en Chile: “La digitalización de nuestro negocio es lo que nos va a generar más crecimiento”,"Director general en Chile de Arcos Dorados, operadora de la cadena, afirmó que continuará el plan de expansión llegando a 110 locales en 2024, y abrirá más puntos en los próximos años.",2024-06-24T08:00:00Z,"En marzo, McDonalds tuvo un hito a nivel local y abrió su restaurante número 100 en Chile, en Copiapó, Región de Atacama.
Carlos González, director general en Chile de Arcos Dorados, la operadora de… [+5061 chars]",marzo mcdonalds hito nivel local abrió restaurante número 100 chile copiapó región atacama carlos gonzález director general chile arcos dorados operadora chars,Economía
"{'id': None, 'name': 'Www.df.cl'}",Renato Olmos,Emasa pone en el congelador su área de Venture Vapital corporativa,"Tras bajos resultados el segundo semestre de 2023, la empresa de venta de partes y piezas automotrices se reestructuró y cerró indefinidamente Emasa Ventures y su fondo de inversión en startups.",2024-06-24T08:00:00Z,"En 2021, Emasa -empresa chilena con presencia en Perú y Colombia de venta de autopartes- se propuso una meta ambiciosa: a comienzos de la próxima década el 30% de sus ingresos debían provenir de líne… [+4693 chars]",2021 emasa chilena presencia perú colombia venta propuso meta ambiciosa comienzos próxima década 30 ingresos debían provenir chars,Economía
"{'id': None, 'name': 'Elespanol.com'}",Brais Cedeira,La 'casa del horror' del cártel de los Balcanes: liquidaban a sus víctimas con una picadora de carne,"""Lo que ha aparecido en los teléfonos es para echarse las manos a la cabeza"", señalan fuentes de la investigación de la Guardia Civil.",2024-06-24T00:59:49Z,Los mensajes y las conversaciones intervenidas por la Unidad Central Operativa (UCO) de la Guardia Civil en la gran operación de los últimos años contra el supercártel de los Balcanes revela la viole… [+4052 chars],mensajes conversaciones intervenidas unidad central operativa uco guardia civil gran operación últimos años supercártel balcanes revela chars,Deportes
"{'id': 'cnn', 'name': 'CNN'}",urielblanco,¿Por qué el monte Rainier es el volcán estadounidense que quita el sueño a los científicos?,"Más que los burbujeantes campos de lava de Hawai o el extenso supervolcán de Yellowstone, es el monte Rainier el que preocupa a muchos vulcanólogos estadounidenses.
The post ¿Por qué el monte Rainier es el volcán estadounidense que quita el sueño a los cientí…",2024-06-23T15:54:39Z,"Volcán Kilauea entra en erupción en Hawai 0:30
(CNN) -- El pico nevado del monte Rainier, que se eleva 4,3 kilómetros sobre el nivel del mar en el estado de Washington, no ha producido ninguna erupc… [+10361 chars]",volcán kilauea entra erupción hawai cnn pico nevado monte rainier eleva kilómetros nivel mar washington producido ninguna chars,Economía
"{'id': None, 'name': 'BeInCrypto'}",Eduardo Venegas,"Resumen América Latina: Helium crece en México, Worldcoin llega a Ecuador y más","El completo Resumen Cripto de Latam de BeInCrypto destaca las noticias y tendencias más importantes de América Latina. El resumen de esta semana presenta historias sobre la expansión de Helium en México, la llegada de Worldcoin a Ecuador y más.
El post Resume…",2024-06-23T15:48:00Z,"El completo resumen criptográfico de Latam de BeInCrypto trae las noticias y tendencias más importantes de América Latina. Con reporteros en Brasil, México, Argentina y más, cubrimos las últimas actu… [+10589 chars]",completo resumen criptográfico latam beincrypto trae noticias tendencias importantes américa latina reporteros brasil méxico argentina cubrimos últimas chars,Deportes
"{'id': None, 'name': 'Eleconomista.es'}",Cristian Reche,"Samy Alliance, del fondo Aurica, se expande y compra parte del negocio de la colombiana MDS","La española Samy Alliance, agencia global especializada en servicios integrales de comunicación y conocida por haber nacido con el foco en el marketing de influencers, ha adquirido el portfolio de Social Media & Performance de MDS, con sede en Bogotá, Colombi…",2024-06-23T14:35:51Z,"La española Samy Alliance, agencia global especializada en servicios integrales de comunicación y conocida por haber nacido con el foco en el marketing de influencers, ha adquirido el portfolio de So… [+4361 chars]",española samy alliance agencia global especializada servicios integrales comunicación conocida haber nacido foco marketing influencers adquirido portfolio chars,Deportes
